7.176666666666591254e-01,5.692333333333330359e+00,1.779333333333319445e+00,3.632666666666665378e+00,1.879833333333333556e+01,7.376999999999995339e+00,3.891333333333335531e+00,1.700999999999993406e+00,0.000000000000000000e+00,0.000000000000000000e+00,3.689333333333337350e+00,2.108000000000004093e+00,4.338333333333338260e+00,0.000000000000000000e+00,3.260000000000012221e+00,3.329999999999998295e+00,5.790666666666659523e+00,4.432999999999992724e+00
-4.069999999999964757e-01,4.470999999999989427e+00,8.246999999999999886e+00,1.254200000000000159e+01,3.283700000000000330e+01,2.963199999999999434e+01,1.895366666666666333e+01,1.566999999999999460e+01,6.700200000000000955e+01,3.309399999999999409e+01,0.000000000000000000e+00,1.652100000000000080e+01,2.371933333333333138e+01,1.241400000000000148e+01,1.335800000000001120e+01,0.000000000000000000e+00,0.000000000000000000e+00,0.000000000000000000e+00
-1.616666666666688457e-01,1.854333333333336498e+00,-1.097000000000008413e+00,-1.257000000000005002e+00,1.761133333333333439e+01,2.606999999999999318e+00,2.216666666666668561e+00,8.709999999999951115e-01,6.429666666666662422e+00,1.709266666666667334e+01,8.019999999999996021e-01,4.179999999999992610e-01,6.717333333333328937e+00,2.880000000000002558e+00,-4.599999999999226930e-02,2.445999999999997954e+00,1.932999999999999829e+00,4.016666666666672825e+00
-1.701333333333337805e+00,4.388000000000005230e+00,-6.236666666666721426e-01,6.359999999999956799e-01,1.754400000000000404e+01,6.260999999999995680e+00,2.853000000000001535e+00,0.000000000000000000e+00,6.362666666666676463e+00,1.972933333333333294e+01,6.900000000000048317e-01,4.759999999999990905e-01,3.288999999999994373e+00,2.412999999999996703e+00,2.294000000000004036e+00,2.608999999999994657e+00,3.881000000000000227e+00,3.774999999999991473e+00
1.065666666666672313e+00,1.905000000000001137e+00,8.893333333333401924e-01,2.629666666666665265e+00,1.393533333333332536e+01,4.441666666666662877e+00,1.478666666666669016e+00,-6.200000000001182343e-02,6.308666666666660205e+00,1.839299999999999713e+01,2.638000000000005230e+00,1.283000000000008356e+00,6.810333333333325356e+00,3.536000000000001364e+00,0.000000000000000000e+00,2.930999999999997385e+00,2.065666666666665208e+00,4.426000000000001933e+00
-1.216666666666625929e-01,1.994333333333337066e+00,-6.310000000000144382e-01,1.449666666666665549e+00,1.670000000000000284e+01,3.923666666666662195e+00,0.000000000000000000e+00,-7.289999999999992042e-01,5.044000000000004036e+00,1.608099999999999596e+01,1.155333333333338430e+00,2.620000000000004547e-01,1.725999999999999091e+00,2.253999999999997783e+00,-9.993333333333254132e-01,2.509999999999998010e+00,3.060333333333325356e+00,3.332666666666668220e+00
1.457666666666682431e+00,2.645333333333340420e+00,1.990000000000051728e-01,1.901333333333326436e+00,9.381333333333344626e+00,4.545333333333331893e+00,2.542666666666661968e+00,8.833333333333115434e-02,5.066000000000002501e+00,2.435766666666666325e+01,1.302666666666659978e+00,3.200000000000002842e-01,6.333000000000012619e+00,2.027999999999998693e+00,6.803333333333441146e-01,1.704999999999998295e+00,3.045666666666654976e+00,2.483999999999994657e+00
2.600000000000335376e-02,1.881000000000014438e+00,-4.159999999999968168e-01,0.000000000000000000e+00,1.457366666666666788e+01,2.831333333333333258e+00,1.004333333333335077e+00,-1.709999999999993747e+00,5.481000000000001648e+00,1.803699999999999903e+01,1.899000000000000909e+00,5.760000000000005116e-01,3.486666666666657477e+00,2.995000000000004547e+00,-8.959999999999936904e-01,2.802999999999997272e+00,2.311666666666667425e+00,3.136666666666556580e-01
-4.746666666666712331e-01,3.635999999999995680e+00,-6.266666666666651508e-01,1.432333333333332348e+00,1.549066666666666947e+01,4.447000000000002728e+00,1.273333333333333428e+00,-1.060000000000002274e+00,4.348000000000006082e+00,1.871299999999999031e+01,1.013000000000005230e+00,-2.710000000000079012e-01,2.901000000000003354e+00,1.128000000000000114e+00,5.510000000000090381e-01,3.236999999999994770e+00,5.044999999999994600e+00,3.066333333333332689e+00
-5.366666666666475294e-02,2.640000000000007674e+00,3.566666666666407082e-02,1.705333333333328483e+00,1.387666666666666515e+01,4.531333333333328994e+00,3.495999999999995111e+00,3.599999999999425881e-02,9.181000000000004491e+00,1.969766666666666666e+01,1.735999999999997101e+00,1.970000000000027285e-01,1.913333333333326891e+00,5.295999999999999375e+00,-1.002999999999993008e+00,2.902999999999998693e+00,3.970999999999989427e+00,3.804000000000002046e+00
-2.540000000000048885e-01,3.435666666666662650e+00,4.693333333333242763e-01,1.890666666666668050e+00,1.669400000000000261e+01,4.903999999999996362e+00,1.810000000000002274e+00,-6.000000000000014211e-01,6.725999999999999091e+00,1.687133333333332530e+01,1.287999999999996703e+00,0.000000000000000000e+00,0.000000000000000000e+00,3.551000000000001933e+00,-9.499999999999886313e-02,2.198999999999998067e+00,3.044333333333327118e+00,2.844999999999984652e+00
2.082333333333330927e+00,0.000000000000000000e+00,-1.082666666666668220e+00,2.157666666666671063e+00,3.133000000000002672e+00,3.574666666666665549e+00,1.696666666666672540e+00,3.953333333333262090e-01,5.920666666666669187e+00,2.023533333333333672e+01,4.800000000000892442e-02,4.329999999999998295e-01,5.360000000000006537e+00,2.416000000000003922e+00,-1.038333333333326891e+00,3.991999999999997328e+00,4.513333333333321207e+00,-4.993333333333325186e-01
2.942333333333330359e+00,-3.790000000000048885e-01,-7.779999999999986926e-01,2.523666666666670721e+00,0.000000000000000000e+00,2.475666666666661797e+00,1.069666666666670096e+00,-8.449999999999988631e-01,8.555333333333337009e+00,2.102299999999999258e+01,-6.019999999999967599e-01,1.551999999999999602e+00,5.453333333333333144e+00,4.902000000000001023e+00,2.103000000000008640e+00,5.197000000000002728e+00,6.098999999999996646e+00,1.303666666666664753e+00
2.677333333333329790e+00,1.719999999999970441e-01,-6.556666666666615129e-01,2.675999999999994827e+00,4.028000000000005798e+00,3.860333333333329620e+00,2.182000000000002160e+00,9.576666666666682204e-01,6.125333333333337293e+00,2.223033333333333061e+01,3.769999999999953388e-01,8.750000000000000000e-01,4.105333333333319956e+00,2.701999999999998181e+00,-8.659999999999925535e-01,4.365999999999999659e+00,4.753999999999997783e+00,-4.633333333333666815e-02
-2.976666666666645256e-01,7.110000000000056275e-01,-2.573333333333280848e-01,1.676666666666669414e+00,1.291533333333333644e+01,1.771666666666661172e+00,1.965333333333326493e+00,-5.660000000000025011e-01,7.625000000000000000e+00,1.783566666666666833e+01,1.126000000000004775e+00,1.908999999999998920e+00,1.885666666666658386e+00,5.008000000000009777e+00,3.839999999999932356e-01,3.487999999999999545e+00,2.789333333333331666e+00,2.860333333333343830e+00
2.075333333333333030e+00,5.247666666666674473e+00,2.119666666666674359e+00,3.731999999999999318e+00,1.591333333333334110e+01,3.713666666666668448e+00,2.614000000000004320e+00,7.879999999999967031e-01,8.238999999999990109e+00,1.769399999999999551e+01,3.703000000000002956e+00,3.124000000000002331e+00,1.536333333333331552e+00,5.337000000000003297e+00,3.564000000000007162e+00,6.076999999999998181e+00,3.213999999999998636e+00,4.707999999999984198e+00
9.459999999999979536e-01,2.516666666666651508e-01,0.000000000000000000e+00,1.335666666666661229e+00,1.313133333333334463e+01,1.906666666666666288e+00,3.116999999999997328e+00,-5.699999999999505462e-02,1.932700000000000173e+01,2.320566666666666578e+01,3.313666666666662763e+00,2.585000000000000853e+00,8.851333333333329279e+00,1.642399999999999949e+01,-5.449999999999874944e-01,4.899666666666668391e+00,9.919999999999973284e-01,1.819666666666670096e+00
0.000000000000000000e+00,-1.076666666666667993e-01,-5.413333333333270048e-01,6.629999999999967031e-01,1.100400000000000489e+01,0.000000000000000000e+00,8.016666666666623087e-01,-1.168999999999996930e+00,5.964666666666666117e+00,2.232433333333333536e+01,6.743333333333296764e-01,4.660000000000010800e-01,3.164000000000001478e+00,3.374000000000002331e+00,-1.718333333333319501e+00,2.503000000000000114e+00,3.217666666666659125e+00,1.234999999999992326e+00
8.810000000000002274e-01,1.355666666666671460e+00,-3.280000000000171667e-01,1.261666666666656056e+00,1.253800000000000381e+01,1.810999999999999943e+00,2.893333333333330870e+00,6.293333333333279711e-01,1.898666666666666814e+01,2.419399999999999906e+01,2.748000000000004661e+00,2.649000000000000909e+00,3.605999999999994543e+00,1.550900000000000034e+01,-1.899333333333323992e+00,4.637999999999991019e+00,1.221000000000003638e+00,2.135666666666658386e+00
-3.283333333333260384e-01,2.650000000000005684e+00,-7.616666666666631613e-01,8.250000000000028422e-01,1.437466666666666981e+01,3.240999999999992554e+00,1.020666666666670608e+00,-4.723333333333314954e-01,6.407333333333326664e+00,1.342533333333334156e+01,2.115333333333332178e+00,8.070000000000092655e-01,7.923333333333317796e-01,3.573000000000007503e+00,9.859999999999971010e-01,3.147999999999996135e+00,2.625000000000000000e+00,3.850666666666668903e+00
